<?xml version="1.0" encoding="UTF-8"?>
<project-private xmlns="http://www.netbeans.org/ns/project-private/1">
    <editor-bookmarks xmlns="http://www.netbeans.org/ns/editor-bookmarks/2" lastBookmarkId="0"/>
    <open-files xmlns="http://www.netbeans.org/ns/projectui-open-files/2">
        <group>
            <file>file:/C:/Users/Lenovo/OneDrive/Documents/TUBES_PBO/src/real_tubes/buat_pesanan_karyawan.java</file>
            <file>file:/C:/Users/Lenovo/OneDrive/Documents/TUBES_PBO/src/real_tubes/buat_pesanan.java</file>
            <file>file:/C:/Users/Lenovo/OneDrive/Documents/TUBES_PBO/src/real_tubes/homepage.java</file>
            <file>file:/C:/Users/Lenovo/OneDrive/Documents/TUBES_PBO/src/real_tubes/input_karyawan.java</file>
            <file>file:/C:/Users/Lenovo/OneDrive/Documents/TUBES_PBO/src/real_tubes/home.java</file>
        </group>
    </open-files>
</project-private>
